{
  "studentRoster": [
    {
      "fullName": "Ora Thiel",
      "researchAssignment": "bear",
      "id": 1
    },
    {
      "fullName": "Tabitha Brown",
      "researchAssignment": "rabbit",
      "id": 2
    },
    {
      "fullName": "Patti Fritsch",
      "researchAssignment": "fish",
      "id": 3
    },
    {
      "fullName": "Mr. Tyrone Ziemann II",
      "researchAssignment": "cat",
      "id": 4
    },
    {
      "fullName": "Tammy Kunde",
      "researchAssignment": "bird",
      "id": 5
    }
  ]
}